serv395373560,inst810744906,serv1157489579
serv395373560,inst810744906,serv1850173403
serv878122141,inst1788731863,serv1640238160
serv534238026,inst1769690098,serv1989037869
serv534238026,inst1769690098,serv1296354045
serv534238026,inst1769690098,serv603670259
serv1225283306,inst1338755912,serv532599482
serv114367578,inst2000311964,serv1070647773
serv1846896353,inst1016784694,serv1154212529
serv1846896353,inst1016784694,serv461528743
serv130956833,inst380631038,serv1364147772
serv1848534859,inst1361491219,serv1155851073
serv393735016,inst298910923,serv1848534859
serv1712947443,inst1060822937,serv1226921812
serv739257675,inst1393643314,serv185438317
serv739257675,inst1393643314,serv878122141
serv603670259,inst1797746917,serv1365786278
serv603670259,inst1797746917,serv2058470102
serv603670259,inst1797746917,serv673102492
serv1430302955,inst2073216808,serv737619131
serv1226921812,inst1501794408,serv534238026
serv1297992589,inst995689985,serv744173231
serv1020263657,inst256925586,serv1089695890
serv1020263657,inst256925586,serv1782379676
serv1020263657,inst256925586,serv397012066
serv810328414,inst754004381,serv949192880
serv463167249,inst565784382,serv1225283306
serv1430302955,inst1921862547,serv737619131
serv949192880,inst1415560433,serv1018625113
serv949192880,inst1415560433,serv256509094
serv949192880,inst1415560433,serv325941327
serv949192880,inst1415560433,serv1711308937
serv119283134,inst1736301193,serv1851811909
serv119283134,inst1736301193,serv1159128123
serv119283134,inst1736301193,serv466444299
serv466444299,inst1296770537,serv1921244142
serv397012066,inst2062163644,serv1159128123
serv466444299,inst1824577500,serv1921244142
serv947554374,inst1620992352,Request
serv881399191,inst1919607728,serv1640238160
serv881399191,inst1919607728,serv947554374
serv1503012238,inst774087395,serv39813616
serv1779102626,inst1933332241,serv1086418840
serv461528743,inst1011458960,serv530960976
serv461528743,inst1011458960,serv1223644762
serv461528743,inst1011458960,serv2055193052
serv461528743,inst1011458960,serv1362509228
serv461528743,inst1011458960,serv1916328586
serv461528743,inst1011458960,serv1293076995
serv461528743,inst1011458960,serv600393209
serv461528743,inst1011458960,serv1985760819
serv254870550,inst1685713034,serv324302783
serv2056831558,inst350933583,serv1364147772
serv1088057346,inst1415968481,serv253232044
serv1088057346,inst1415968481,serv945915830
serv393735016,inst309362608,serv464805793
serv393735016,inst309362608,serv1919605636
serv949192880,inst587699371,serv1018625113
serv949192880,inst587699371,serv256509094
serv949192880,inst587699371,serv325941327
serv949192880,inst587699371,serv1711308937
serv598754665,inst273102571,serv2122986741
serv598754665,inst273102571,serv1430302955
serv532599482,inst657335647,serv1987399325
serv254870550,inst993029248,serv1709670393
serv254870550,inst993029248,serv1016986607
serv1020263657,inst2113776126,serv1089695890
serv1020263657,inst2113776126,serv1782379676
serv1020263657,inst2113776126,serv397012066
serv1020263657,inst1731383507,serv393528881
Provide,inst855801196,serv49850901
Provide,inst855801196,serv1501373694
Provide,inst855801196,serv1779102626
Provide,inst855801196,serv1431941461
Provide,inst855801196,serv742534725
Provide,inst855801196,serv2126263791
Provide,inst855801196,serv950831424
Provide,inst855801196,serv258147600
Provide,inst855801196,serv811966958
Provide,inst855801196,serv254870550
Provide,inst855801196,serv46573851
Provide,inst855801196,serv2053554508
Provide,inst855801196,serv1435218511
Provide,inst855801196,serv808689908
Provide,inst855801196,serv881399191
Provide,inst855801196,serv1504650744
Provide,inst855801196,serv116006084
Provide,inst855801196,serv739257675
Provide,inst855801196,serv671463948
Provide,inst855801196,serv2127902335
Provide,inst855801196,serv119283134
Provide,inst855801196,serv598754665
Provide,inst855801196,serv1574082977
Provide,inst855801196,serv2124625285
Provide,inst855801196,serv668186898
Provide,inst855801196,serv1780741170
Provide,inst855801196,serv1643515210
Provide,inst855801196,serv188715367
Provide,inst855801196,serv1712947443
Provide,inst855801196,serv393735016
Provide,inst855801196,serv1291438489
Provide,inst855801196,serv1360870722
Provide,inst855801196,serv669825442
Provide,inst855801196,serv1570805927
Provide,inst855801196,serv1433580005
serv44935345,inst412171080,serv114367578
serv44935345,inst412171080,serv183799811
serv44935345,inst412171080,serv876483597
serv44935345,inst412171080,serv1569167421
serv44935345,inst412171080,serv1638599654
serv1503012238,inst196908011,serv810328414
serv1503012238,inst196908011,serv1572444471
serv1503012238,inst196908011,serv117644628
serv1430302955,inst2128520740,serv737619131
serv258147600,inst1168349312,serv1365786278
serv258147600,inst1168349312,serv1989037869
serv258147600,inst1168349312,serv1296354045
serv258147600,inst1168349312,serv2058470102
serv258147600,inst1168349312,serv603670259
serv258147600,inst1168349312,serv673102492
serv2127902335,inst698298753,serv1503012238
serv1846896353,inst2121146322,serv1154212529
serv1846896353,inst2121146322,serv461528743
serv254870550,inst865020255,serv1709670393
serv254870550,inst865020255,serv1016986607
serv254870550,inst865020255,serv324302783
serv1223644762,inst662049290,serv1457337543
serv737619131,inst1602966466,serv807051364
serv744173231,inst1616280801,serv51489445
serv744173231,inst1616280801,serv1575721521
serv744173231,inst1616280801,serv1506289288
serv744173231,inst1616280801,serv813605464
serv744173231,inst1616280801,serv883037697
serv744173231,inst1616280801,serv120921678
serv1919605636,inst2058270281,serv2040036168
serv2127902335,inst1800403470,serv327579833
serv2127902335,inst1800403470,serv1020263657
serv1225283306,inst1700459778,serv1102597955
serv737619131,inst425895555,serv1499735188
serv1638599654,inst1868197159,serv253232044
serv1638599654,inst1868197159,serv945915830
serv1846896353,inst1221394165,serv1154212529
serv1846896353,inst1221394165,serv461528743
serv393735016,inst712227271,serv233363609
serv463167249,inst638491535,serv1846896353
serv1709670393,inst1353094570,serv1226921812
serv463167249,inst854368787,serv1225283306
serv393528881,inst1918585497,serv1364147772
serv1850173403,inst823853106,serv464805793
serv1850173403,inst823853106,serv1919605636
serv154306361,inst1116936613,serv532599482
serv1433580005,inst481809448,serv48212395
serv1433580005,inst481809448,serv740896181
serv49850901,inst432039515,serv1641876704
serv49850901,inst432039515,serv810328414
serv49850901,inst432039515,serv879760647
serv49850901,inst432039515,serv187076861
serv49850901,inst432039515,serv1572444471
serv49850901,inst432039515,serv117644628
serv1638599654,inst948170649,serv253232044
serv1638599654,inst948170649,serv945915830
serv1638599654,inst1631433463,serv253232044
serv1638599654,inst1631433463,serv945915830
serv1503012238,inst213911666,serv1641876704
serv1503012238,inst213911666,serv187076861
serv534238026,inst476691941,serv1989037869
serv534238026,inst476691941,serv1296354045
serv534238026,inst476691941,serv603670259
serv397012066,inst1992731411,serv1851811909
serv1779102626,inst877104132,serv1086418840
serv1501373694,inst31625232,serv185438317
serv947554374,inst203874381,serv1365786278
serv947554374,inst203874381,serv2058470102
serv947554374,inst203874381,serv673102492
serv1780741170,inst1681001483,serv1088057346
serv1780741170,inst1681001483,serv395373560
serv397012066,inst607363801,serv466444299
serv119283134,inst518681538,serv130956833
serv2060108608,inst1055701246,serv744173231
serv48212395,inst548984732,serv1503012238
serv1504650744,inst2019970042,serv1297992589
serv1504650744,inst2019970042,serv2060108608
serv1504650744,inst2019970042,serv2129540841
serv1504650744,inst2019970042,serv1436857055
serv1504650744,inst2019970042,serv535876532
serv1504650744,inst2019970042,serv674740998
serv1504650744,inst2019970042,serv605308765
serv1504650744,inst2019970042,serv1367424822
serv1504650744,inst2019970042,serv1990676375
serv1089695890,inst695429751,serv1708031887
serv1712947443,inst637675439,serv1157489579
serv1712947443,inst637675439,serv1850173403
serv2124625285,inst1002654263,serv1018625113
serv2124625285,inst1002654263,serv256509094
serv2124625285,inst1002654263,serv325941327
serv2124625285,inst1002654263,serv1711308937
serv393735016,inst1641266743,serv1848534859
serv1503012238,inst906595452,serv1572444471
serv1779102626,inst861738983,serv1086418840
serv463167249,inst334752338,serv1364147772
serv737619131,inst287031089,serv44935345
serv1987399325,inst1687555583,serv1364147772
serv1154212529,inst360762603,serv530960976
serv1154212529,inst360762603,serv1223644762
serv1154212529,inst360762603,serv2055193052
serv1154212529,inst360762603,serv1362509228
serv1154212529,inst360762603,serv1293076995
serv1780741170,inst1440550597,serv1088057346
serv1780741170,inst1440550597,serv395373560
serv1503012238,inst1948078947,serv1641876704
serv1503012238,inst1948078947,serv879760647
serv1503012238,inst1948078947,serv187076861
serv1503012238,inst1948078947,serv117644628
serv463167249,inst1600713777,serv1225283306
serv397012066,inst605725257,serv1851811909
serv397012066,inst605725257,serv1159128123
serv397012066,inst605725257,serv466444299
serv1155851073,inst511098855,serv1917967092
serv1155851073,inst511098855,serv463167249
serv2127902335,inst1230615354,serv327579833
serv2127902335,inst1230615354,serv1020263657
serv602031715,inst1594363682,serv2056831558
serv947554374,inst658772240,Request
serv253232044,inst1560362724,serv1708031887
serv233363609,inst1564052044,serv1851811909
serv233363609,inst1564052044,serv1159128123
serv233363609,inst1564052044,serv466444299
serv1431941461,inst1891548779,serv185438317
serv1431941461,inst1891548779,serv878122141
serv878122141,inst743971318,serv1640238160
serv878122141,inst743971318,serv947554374
serv393735016,inst1385448578,serv1848534859
serv1708031887,inst672080261,serv1015348063
serv1708031887,inst672080261,serv1084780296
serv1708031887,inst672080261,serv1846896353
serv1708031887,inst672080261,serv392096510
serv1708031887,inst672080261,serv1777464120
serv1708031887,inst672080261,serv322664277
serv1226921812,inst1201325947,serv534238026
serv1503012238,inst146117939,serv1641876704
serv1503012238,inst146117939,serv810328414
serv1503012238,inst146117939,serv879760647
serv1503012238,inst146117939,serv187076861
serv1503012238,inst146117939,serv1572444471
serv1503012238,inst146117939,serv117644628
serv1780741170,inst733120067,serv395373560
serv1501373694,inst101057465,serv878122141
serv1433580005,inst1845876214,serv48212395
serv1433580005,inst1845876214,serv740896181
serv1154212529,inst1607265747,serv1916328586
serv1154212529,inst1607265747,serv600393209
serv1154212529,inst1607265747,serv1985760819
serv254870550,inst1687351578,serv1709670393
serv254870550,inst1687351578,serv1016986607
serv254870550,inst1687351578,serv324302783
serv1921244142,inst579712900,serv1228560356
serv534238026,inst686831189,serv1989037869
serv534238026,inst686831189,serv1296354045
serv534238026,inst686831189,serv603670259
serv1088057346,inst1618327393,serv1157489579
serv1088057346,inst1618327393,serv1850173403
serv1020263657,inst831629258,serv397012066
serv1780741170,inst663687834,serv1088057346
serv253232044,inst931581394,serv1708031887
serv44935345,inst42276700,serv114367578
serv44935345,inst42276700,serv253232044
serv44935345,inst42276700,serv183799811
serv44935345,inst42276700,serv945915830
serv44935345,inst42276700,serv876483597
serv44935345,inst42276700,serv1569167421
serv44935345,inst42276700,serv1638599654
serv1155851073,inst1732613965,serv1917967092
serv1155851073,inst1732613965,serv463167249
serv532599482,inst1109358190,serv1987399325
serv739257675,inst1870247973,serv185438317
serv739257675,inst1870247973,serv878122141
serv810328414,inst6025107,serv949192880
serv881399191,inst1782791946,serv1155851073
serv254870550,inst270237791,serv1709670393
serv254870550,inst270237791,serv1016986607
serv254870550,inst270237791,serv324302783
serv1503012238,inst1738143742,serv810328414
serv1503012238,inst1738143742,serv879760647
serv1503012238,inst1738143742,serv117644628
serv2056831558,inst1309266684,serv822616296
serv673102492,inst1991292688,serv530960976
serv673102492,inst1991292688,serv1223644762
serv673102492,inst1991292688,serv2055193052
serv673102492,inst1991292688,serv1362509228
serv673102492,inst1991292688,serv1916328586
serv673102492,inst1991292688,serv1293076995
serv673102492,inst1991292688,serv600393209
serv673102492,inst1991292688,serv1985760819
serv1086418840,inst1399787274,Request
serv744173231,inst1805939561,serv51489445
serv744173231,inst1805939561,serv1575721521
serv744173231,inst1805939561,serv1506289288
serv744173231,inst1805939561,serv813605464
serv744173231,inst1805939561,serv883037697
serv744173231,inst1805939561,serv120921678
serv1291438489,inst1478846614,serv2122986741
serv1291438489,inst1478846614,serv1430302955
serv1436857055,inst729224612,serv744173231
serv1708031887,inst1284682476,serv1015348063
serv1708031887,inst1284682476,serv1084780296
serv1708031887,inst1284682476,serv392096510
serv1708031887,inst1284682476,serv1777464120
serv1708031887,inst1284682476,serv322664277
serv1360870722,inst582373637,serv737619131
serv1291438489,inst845766003,serv2122986741
serv1291438489,inst845766003,serv1430302955
serv744173231,inst1765794643,serv51489445
serv744173231,inst1765794643,serv1575721521
serv744173231,inst1765794643,serv1506289288
serv744173231,inst1765794643,serv813605464
serv744173231,inst1765794643,serv883037697
serv744173231,inst1765794643,serv120921678
serv737619131,inst1104442596,serv44935345
serv737619131,inst1104442596,serv1499735188
serv737619131,inst1104442596,serv807051364
serv810328414,inst1272600729,serv949192880
serv253232044,inst569059302,serv1708031887
serv2056831558,inst716322547,serv1364147772
serv1987399325,inst990774429,serv1294715539
serv1987399325,inst990774429,serv602031715
serv530960976,inst863789797,serv1935170568
serv1987399325,inst758919975,serv1294715539
serv1987399325,inst758919975,serv602031715
serv2122986741,inst841874770,serv1987399325
serv466444299,inst1781157662,serv1921244142
serv602031715,inst1030713212,serv2056831558
serv1987399325,inst2144905990,serv1294715539
serv1987399325,inst2144905990,serv602031715
serv463167249,inst737827396,serv1225283306
serv1225283306,inst1577772297,serv45549528
serv1154212529,inst1319705665,serv530960976
serv1154212529,inst1319705665,serv1223644762
serv1154212529,inst1319705665,serv2055193052
serv1154212529,inst1319705665,serv1362509228
serv1154212529,inst1319705665,serv1916328586
serv1154212529,inst1319705665,serv1293076995
serv1154212529,inst1319705665,serv600393209
serv1154212529,inst1319705665,serv1985760819
serv466444299,inst2104148981,serv1921244142
serv1848534859,inst2008700169,serv1155851073
serv1155851073,inst938341629,serv463167249
serv1919605636,inst30194953,serv1226921812
serv881399191,inst334550425,serv327579833
serv881399191,inst334550425,serv1020263657
serv1850173403,inst1166706546,serv130956833
serv878122141,inst1925957823,serv947554374
serv1708031887,inst662659251,serv1015348063
serv1708031887,inst662659251,serv1084780296
serv1708031887,inst662659251,serv392096510
serv1708031887,inst662659251,serv1777464120
serv1708031887,inst662659251,serv322664277
serv1430302955,inst385546632,serv737619131
serv466444299,inst2021608548,serv1921244142
serv1433580005,inst488363548,serv1503012238
serv1433580005,inst488363548,serv48212395
serv1433580005,inst488363548,serv740896181
serv1503012238,inst752365875,serv1641876704
serv1503012238,inst752365875,serv879760647
serv1503012238,inst752365875,serv187076861
serv1921244142,inst1492160949,serv1297992589
serv1921244142,inst1492160949,serv2060108608
serv1921244142,inst1492160949,serv2129540841
serv1921244142,inst1492160949,serv1436857055
serv1921244142,inst1492160949,serv535876532
serv1921244142,inst1492160949,serv1228560356
serv1921244142,inst1492160949,serv674740998
serv1921244142,inst1492160949,serv605308765
serv1921244142,inst1492160949,serv1367424822
serv1921244142,inst1492160949,serv1990676375
serv1987399325,inst232755740,serv1294715539
serv1987399325,inst232755740,serv602031715
serv44935345,inst1573470924,serv114367578
serv44935345,inst1573470924,serv183799811
serv44935345,inst1573470924,serv876483597
serv44935345,inst1573470924,serv1569167421
serv44935345,inst1573470924,serv1638599654
serv322664277,inst755030834,serv1846896353
serv739257675,inst1934354472,serv185438317
serv739257675,inst1934354472,serv878122141
serv822616296,inst688063777,serv1046273922
serv49850901,inst1604194832,serv2056831558
serv669825442,inst1379510791,serv185438317
serv669825442,inst1379510791,serv878122141
serv119283134,inst1907736338,serv464805793
serv119283134,inst1907736338,serv1919605636
serv1503012238,inst423846871,serv810328414
serv1503012238,inst423846871,serv1572444471
serv393735016,inst2050897993,serv1848534859
serv2056831558,inst176225572,serv1364147772
serv1020263657,inst762197025,serv1089695890
serv1020263657,inst762197025,serv1782379676
serv1225283306,inst1563233818,serv532599482
serv1709670393,inst1910190978,Request
serv1846896353,inst2015666539,serv1154212529
serv1846896353,inst2015666539,serv461528743
serv2058470102,inst804804989,serv1293691178
serv1226921812,inst208377667,serv534238026
serv1228560356,inst1353298613,serv1297992589
serv1228560356,inst1353298613,serv2060108608
serv1228560356,inst1353298613,serv2129540841
serv1228560356,inst1353298613,serv1436857055
serv1228560356,inst1353298613,serv535876532
serv1228560356,inst1353298613,serv674740998
serv1228560356,inst1353298613,serv605308765
serv1228560356,inst1353298613,serv1367424822
serv1228560356,inst1353298613,serv1990676375
serv1088057346,inst1185554880,serv1157489579
serv1088057346,inst1185554880,serv1850173403
serv1155851073,inst40638156,serv1917967092
serv1921244142,inst1479873067,serv1228560356
serv1848534859,inst174380931,serv154306361
serv1779102626,inst559436417,serv1086418840
serv1225283306,inst730047022,serv532599482
serv1430302955,inst78734390,serv44935345
serv1430302955,inst78734390,serv1499735188
serv1430302955,inst78734390,serv737619131
serv1430302955,inst78734390,serv807051364
serv810328414,inst1411879557,serv130956833
