serv739257675,inst1393643314,serv878122141
serv947554374,inst1620992352,Request
serv881399191,inst1919607728,serv947554374
serv1779102626,inst1933332241,serv1086418840
serv254870550,inst993029248,serv1709670393
Provide,inst855801196,serv1501373694
Provide,inst855801196,serv1779102626
Provide,inst855801196,serv1431941461
Provide,inst855801196,serv254870550
Provide,inst855801196,serv881399191
Provide,inst855801196,serv739257675
Provide,inst855801196,serv669825442
serv254870550,inst865020255,serv1709670393
serv1779102626,inst877104132,serv1086418840
serv1779102626,inst861738983,serv1086418840
serv947554374,inst658772240,Request
serv1431941461,inst1891548779,serv878122141
serv878122141,inst743971318,serv947554374
serv1501373694,inst101057465,serv878122141
serv254870550,inst1687351578,serv1709670393
serv739257675,inst1870247973,serv878122141
serv254870550,inst270237791,serv1709670393
serv1086418840,inst1399787274,Request
serv878122141,inst1925957823,serv947554374
serv739257675,inst1934354472,serv878122141
serv669825442,inst1379510791,serv878122141
serv1709670393,inst1910190978,Request
serv1779102626,inst559436417,serv1086418840
